{
  "_note1": "KEEP THIS FILE! Check it into a version control system (VCS) like git.",
  "_note2": "ObjectBox manages crucial IDs for your object model. See docs for details.",
  "_note3": "If you have VCS merge conflicts, you must resolve them according to ObjectBox docs.",
  "entities": [
    {
      "id": "2:8695380627406421904",
      "lastPropertyId": "1:1986550495538041421",
      "name": "MyDb",
      "properties": [
        {
          "id": "1:1986550495538041421",
          "name": "id"
        }
      ],
      "relations": []
    }
  ],
  "lastEntityId": "2:8695380627406421904",
  "lastIndexId": "0:0",
  "lastRelationId": "0:0",
  "lastSequenceId": "0:0",
  "modelVersion": 4,
  "modelVersionParserMinimum": 4,
  "retiredEntityUids": [
    1326743650525191631
  ],
  "retiredIndexUids": [],
  "retiredPropertyUids": [
    8253626771752341435,
    2638953670909455316,
    7590766378392924316,
    8899798352300622999,
    8319352370025537503,
    5933701321746225704,
    5200855227354742805,
    2444122042882888799,
    5626683535181942441,
    1415330397269984637,
    1846178700434269841,
    5206064375741929588,
    1053860540281663004
  ],
  "retiredRelationUids": [],
  "version": 1
}